Karaburun Ýlkokulu,38.638749,26.514486
80.yýl Eðlenhoca Ýlkokulu,38.5407,26.5723999
